-- phpMyAdmin SQL Dump
-- version 3.2.4
-- http://www.phpmyadmin.net
--
-- Host: localhost
-- Generation Time: Mar 16, 2015 at 10:02 AM
-- Server version: 5.1.41
-- PHP Version: 5.3.1

SET SQL_MODE="NO_AUTO_VALUE_ON_ZERO";


/*!40101 SET @OLD_CHARACTER_SET_CLIENT=@@CHARACTER_SET_CLIENT */;
/*!40101 SET @OLD_CHARACTER_SET_RESULTS=@@CHARACTER_SET_RESULTS */;
/*!40101 SET @OLD_COLLATION_CONNECTION=@@COLLATION_CONNECTION */;
/*!40101 SET NAMES utf8 */;

--
-- Database: `db_blog_batch17`
--

-- --------------------------------------------------------

--
-- Table structure for table `tbl_admin`
--

CREATE TABLE IF NOT EXISTS `tbl_admin` (
  `admin_id` int(2) NOT NULL AUTO_INCREMENT,
  `admin_full_name` varchar(50) NOT NULL,
  `admin_email_address` varchar(100) NOT NULL,
  `admin_password` varchar(32) NOT NULL,
  `access_label` tinyint(1) NOT NULL,
  PRIMARY KEY (`admin_id`)
) ENGINE=MyISAM  DEFAULT CHARSET=utf8 AUTO_INCREMENT=3 ;

--
-- Dumping data for table `tbl_admin`
--

INSERT INTO `tbl_admin` (`admin_id`, `admin_full_name`, `admin_email_address`, `admin_password`, `access_label`) VALUES
(1, 'Md. Saahil Alam Talha', 'saahil.alam@gmail.com', 'e10adc3949ba59abbe56e057f20f883e', 1),
(2, 'Md. Shafiul Alam Topu', 'topu1826@gmail.com', '96e79218965eb72c92a549dd5a330112', 2);

-- --------------------------------------------------------

--
-- Table structure for table `tbl_blog`
--

CREATE TABLE IF NOT EXISTS `tbl_blog` (
  `blog_id` int(5) NOT NULL AUTO_INCREMENT,
  `category_id` int(2) NOT NULL,
  `blog_title` varchar(100) NOT NULL,
  `blog_short_description` text NOT NULL,
  `blog_long_description` text NOT NULL,
  `blog_author_name` varchar(50) NOT NULL,
  `publication_status` tinyint(1) NOT NULL,
  `created_date_time` timestamp NOT NULL DEFAULT CURRENT_TIMESTAMP,
  `hit_count` int(4) NOT NULL DEFAULT '0',
  PRIMARY KEY (`blog_id`)
) ENGINE=MyISAM  DEFAULT CHARSET=utf8 AUTO_INCREMENT=6 ;

--
-- Dumping data for table `tbl_blog`
--

INSERT INTO `tbl_blog` (`blog_id`, `category_id`, `blog_title`, `blog_short_description`, `blog_long_description`, `blog_author_name`, `publication_status`, `created_date_time`, `hit_count`) VALUES
(1, 5, 'প্রযুক্তি বাজারে ক্রেতা নেই', 'দীর্ঘদিন ধরে অবরোধ-হরতালের কারণে প্রযুক্তি বাজারের স্বাভাবিক বেচাকেনা \r\nনেই বললেই চলে। বিক্রেতারা জানান, শুক্র ও শনিবার ক্রেতাদের উপস্থিতি \r\nথাকলেও হরতাল থাকলে ক্রেতারা তেমন বাজারমুখী হন না। গতকাল সোমবার একাধিক \r\nবাজার ঘুরে পাওয়া যন্ত্রাংশের দাম নিচে দেওয়া হলো।', 'দীর্ঘদিন ধরে অবরোধ-হরতালের কারণে \r\nপ্রযুক্তি বাজারের স্বাভাবিক বেচাকেনা নেই বললেই চলে। বিক্রেতারা জানান, \r\nশুক্র ও শনিবার ক্রেতাদের উপস্থিতি থাকলেও হরতাল থাকলে ক্রেতারা তেমন \r\nবাজারমুখী হন না। গতকাল সোমবার একাধিক বাজার ঘুরে পাওয়া যন্ত্রাংশের দাম \r\nনিচে দেওয়া হলো।<br><article itemscope="" itemtype="http://schema.org/Article" class="jw_detail_content_holder content mb10 oh"><div itemprop="articleBody"><p>প্রসেসর: ইন্টেল কোর আইথ্রি ৩.৩০ গিগাহার্টজ (গি.হা.) \r\n৯,৩০০; কোর আইথ্রি ৩.১০ গি.হা. ৮,০০০; কোর আই ফাইভ ৩.২০ গি.হা. ১৬,০০০ ও \r\nকোর আই সেভেন ৩.৪০ গি.হা. ২৫,৫০০ টাকা। মাদারবোর্ড: গিগাবাইট \r\nজিএ৭৮এলটি-এসটুপি এএমডি ৪,৬০০; এসরক এমডি ৯৬০জিএম-ভিজিএস৩ ৪,২০০ ও ফক্সকন \r\nএইচ৬১ এমএক্সই-কে ৩,৮০০ টাকা। র্যাম: ডিডিআর-৩: অ্যাপাসার ২ গিগাবাইট \r\n(গি.বা.) ১,৭০০; এডেটা ৪ গি.বা. ৩,০০০; ট্রানসেন্ড ৪ গি.বা. ৩,৩৫০ ও ৮ \r\nগি.বা. ৬,২০০ টাকা। হার্ডডিস্ক ড্রাইভ: ওয়েস্টার্ন ডিজিটাল ৫০০ গি.বা. \r\n৪,৫০০; ট্রানসেন্ড এক্সটার্নাল ১ টে.বা. ৫০০ জি.বি. ৪,৬০০ ও স্যামসাং ৩২০ \r\nগি.বা. ৭,০০০ টাকা। এলসিডি মনিটর : স্যামসাং ১৭ ইঞ্চি স্কয়ার ৯,৫০০ ও ১৮ \r\nইঞ্চি ওয়াইড ৮,১০০ ও এলজি ১৭ ইঞ্চি স্কয়ার ৮,৮০০ টাকা। এলইডি মনিটর: \r\nস্যামসাং ২৭ ইঞ্চি থ্রিডি ৬২,৫০০; ডেল ১৭ ইঞ্চি ৯,৬০০; আসুস ১৮.৫ ইঞ্চি \r\n৮,২০০; এলজি ১৬ ইঞ্চি ৬,৫০০, ১৮.৫ ইঞ্চি ৭,৮০০ ও ২১.৫ ইঞ্চি ১২,৮০০ টাকা। \r\nগ্রাফিকস কার্ড: গিগাবাইট এইচডি-৬৪৫০ ১ গি.বা. ৪,১০০; গিগাবাইট ৫৪৫০ ১ \r\nগি.বা. ৩,২০০; আসুস ইএএইচ৫৪৫০ ১ গি.বা ৩,২০০ ও এইচডি৬৪৫০ ২ গি.বা ৫,২০০ \r\nটাকা। ডিভিডি রাইটার/রি-রাইটার: স্যামসাং ১৬ এক্স ১,৭০০ ও ২৪ এক্স ১,৬৫০ \r\nটাকা। কেসিং: স্পেস ১,৯০০ থেকে ৪,০০০; ভ্যালু-টপ কে৬৭ ২,৪৫০; ডিলাক্স ২,১০০\r\n থেকে ৩,৫০০ ও গিগাবাইট ২,১০০ টাকা। মাউস: নিউম্যান ইউএসবি ৩০০, তারহীন ৭০০\r\n ও গেমিং ১,৫০০; এফোরটেক ৩০০ থেকে ২,০০০ ও লজিটেক ৪৫০ থেকে ২,৫০০ টাকা। \r\nকি-বোর্ড: বেলকিন ৯০০ থেকে ৪,০০০; ভ্যালু-টপ ডব্লিুউ২৬১৩ ৪০০ ও \r\nমাল্টিমিডিয়া ৭৫০ টাকা। স্পিকার: ইডিফায়ার (২:১) ১,৬০০ থেকে ৩,২০০; \r\nমাইক্রোল্যাব (২:১) ১,৫০০ থেকে ২,৬০০; ক্রিয়েটিভ এসবিএস (২:১) ৯০০ থেকে \r\n২,১০০ ও অ্যালটেক ল্যানসিং ১,৪০০ থেকে ৬,০০০ টাকা। পেনড্রাইভ: ট্রানসেন্ড ৮\r\n গি.বা. ৫৫০ ও ১৬ গি.বা. ১০০০; অ্যাপাসার ৪ গি.বা. ৪৮০ ও ৮ গি.বা. ৫০০; \r\nএডেটা ৮ গি.বা. ৫৫০ ও ৩২ গি.বা. ১,৮০০ এবং ভেরিকো ৮ গি.বা. ৫০০ টাকা। টিভি \r\nকার্ড: এভারমিডিয়া ইন্টারনাল ৩,২০০ ও এক্সটারনাল ডব্লিউ৭ ৪,৬০০; রিয়েলভিউ\r\n ১,৬৫০; গেডমি ১,৫০০ ও গেডমি স্পিড ১,৯০০ টাকা। প্রিন্টার: ক্যানন \r\nআইপি-২৭৭২পিক্সমা ৩,০০০; এমপি-২৩৭ ৬,২০০ ও এলবিপি-৩৩০০ ১১,৪০০; এইচপি \r\nডি-১০০০ ২,৬০০ ও লেজার পি-১১০২ ৮,১০০; এপসন এম-১২০০ ৭,২০০ ও স্যামসাং এমএল \r\n১৮৬৬ (লেজার) ৬,৬০০ টাকা। বহনযোগ্য হার্ডডিস্ক: ট্রানসেন্ড ৫০০ গি.বা. \r\n৫,৩০০; ৭৫০ গি.বা. ৬,২০০ ও ১ টেরাবাইট ৭,৪০০; ওয়েস্টার্ন ডিজিটাল ৫০০ \r\nগি.বা. ৫,৫০০ ও ১ টেরাবাইট ৭৪০০; এডেটা ৫০০ গি.বা ৫০০০ ও ১ টেরাবাইট ৭,২০০ \r\nটাকা। ইউপিএস: স্পার্ক পাওয়ার ৬৫০ভিএ ২,৮০০; অ্যাপোলো ৬৫০ভিএ ২৮৫০ ও \r\n১২০০ভিএ ৫,০০০ টাকা। —রাহিতুল ইসলাম</p></div>\r\n</article>', 'Md. Shafiul Alam Topu', 0, '2015-03-10 09:22:29', 12),
(2, 1, 'ইউনিজয় ছাড়া ফিরে এল রিদ্মিক', '<span>অ্যান্ড্রয়েড অপারেটিং সিস্টেমে বাংলা লেখার অ্যাপ রিদ্মিক আবার \r\nগুগল প্লে স্টোরে ফিরে এসেছে। তবে এখন এটি থেকে ‘ইউনিজয়’ কি-বোর্ড লে-আউট \r\nসরিয়ে ফেলা হয়েছে। জনপ্রিয় এ অ্যাপটি ৪ মার্চ গুগল প্লে স্টোর থেকে \r\nঅপসারণ করা হয়। কি-বোর্ড লে-আউট ‘বিজয়’য়ের কপিরাইট লঙ্ঘন করায় এ \r\nসিদ্ধান্ত নিয়েছিল গুগল। বিজয় কি-বোর্ডের স্বত্বাধিকারী এবং আনন্দ \r\nকম্পিউটার্সের প্রধান নির্বাহী মোস্তাফা জব্বারের অভিযোগের ভিত্তিতে গুগল \r\nপ্লে স্টোর থেকে রিদ্মিক অপসারণ করা হয় বলে নির্মাতাদের জানিয়েছিল গুগল।</span>', '<article itemscope="" itemtype="http://schema.org/Article" class="jw_detail_content_holder content mb10 oh">\r\n<div itemprop="articleBody"><p><span>অ্যান্ড্রয়েড অপারেটিং সিস্টেমে \r\nবাংলা লেখার অ্যাপ রিদ্মিক আবার গুগল প্লে স্টোরে ফিরে এসেছে। তবে এখন এটি \r\nথেকে ‘ইউনিজয়’ কি-বোর্ড লে-আউট সরিয়ে ফেলা হয়েছে। জনপ্রিয় এ অ্যাপটি ৪ \r\nমার্চ গুগল প্লে স্টোর থেকে অপসারণ করা হয়। কি-বোর্ড লে-আউট ‘বিজয়’য়ের \r\nকপিরাইট লঙ্ঘন করায় এ সিদ্ধান্ত নিয়েছিল গুগল। বিজয় কি-বোর্ডের \r\nস্বত্বাধিকারী এবং আনন্দ কম্পিউটার্সের প্রধান নির্বাহী মোস্তাফা জব্বারের \r\nঅভিযোগের ভিত্তিতে গুগল প্লে স্টোর থেকে রিদ্মিক অপসারণ করা হয় বলে \r\nনির্মাতাদের জানিয়েছিল গুগল।</span></p>\r\n<p>গতকাল সোমবার থেকে ‘ইউনিজয়’ লে-আউট বাদ দিয়ে রিদ্মিক ৪.০ সংস্করণ (<a href="http://goo.gl/ZUZCxH" target="_blank">http://goo.gl/ZUZCxH</a>)\r\n আবারও প্লে স্টোরে পাওয়া যাচ্ছে। নতুন করে এতে যুক্ত করা হয়েছে ‘প্রভাত’\r\n লে-আউট। রিদ্মিকের নির্মাতা শামীম হাসনাত গতকাল প্রথম আলোকে বলেন, ‘আগের \r\nপ্রায় সব সুবিধাই পাওয়া যাবে রিদ্মিক ৪.০ সংস্করণে। পাশাপাশি এতে নতুন \r\nললিপপ থিমও যুক্ত করা হয়েছে।<br>রিদ্মিক কি-বোর্ডের পাশাপাশি আরেক অ্যাপ \r\n‘ইউনিবিজয় বাংলা টাইপিং’ অপসারণ করা হয় গুগল প্লে স্টোর থেকে। এ অ্যাপের \r\nনির্মাতা আরিফ রহমান গতকাল প্রথম আলোকে বলেন, ‘নতুন করে এ অ্যাপটি চালু \r\nকরার কোনো চিন্তা আপাতত নেই। নতুন আরেকটি লে-আউট নিয়ে কাজ শুরু করেছি। আর \r\nইতিমধ্যে “পার্বতী” নামের আরেকটি কিবোর্ড প্লে স্টোরে উন্মুক্ত করেছি।’<br>গত মাসে জনপ্রিয় বাংলা সফটওয়্যার বিজয়ের অ্যাপও প্লে স্টোরে ছাড়া হয়েছে। —নুরুন্নবী চৌধুরী</p></div>\r\n</article>', 'Md. Shafiul Alam Topu', 1, '2015-03-10 09:28:15', 0),
(3, 7, 'বাংলাদেশকে ভয় পাচ্ছে ভারত?', 'কোয়ার্টার ফাইনালে ভারতের প্রতিপক্ষ হিসেবে কাকে চাইতেন মহেন্দ্র সিং \r\nধোনি? উত্তরটা হয়তো ইংল্যান্ড! অবাক হচ্ছেন? হারতে হারতে তলানিতে ঠেকা \r\nইংলিশদের এ ভঙ্গুর আত্মবিশ্বাসের সুযোগ যেকোনো অধিনায়কই নিতে চাইবেন। ধোনি\r\n তার ব্যতিক্রম নন। তবে ভারত অধিনায়ক কী চাইছেন, না জানা গেলেও সুনীল \r\nগাভাস্কার তো বলেই দিলেন, বাংলাদেশের চেয়ে ইংল্যান্ডই হতো তাঁদের সহজ \r\nপ্রতিপক্ষ!&nbsp;\r\n', 'কোয়ার্টার ফাইনালে ভারতের প্রতিপক্ষ হিসেবে কাকে চাইতেন মহেন্দ্র সিং \r\nধোনি? উত্তরটা হয়তো ইংল্যান্ড! অবাক হচ্ছেন? হারতে হারতে তলানিতে ঠেকা \r\nইংলিশদের এ ভঙ্গুর আত্মবিশ্বাসের সুযোগ যেকোনো অধিনায়কই নিতে চাইবেন। ধোনি\r\n তার ব্যতিক্রম নন। তবে ভারত অধিনায়ক কী চাইছেন, না জানা গেলেও সুনীল \r\nগাভাস্কার তো বলেই দিলেন, বাংলাদেশের চেয়ে ইংল্যান্ডই হতো তাঁদের সহজ \r\nপ্রতিপক্ষ!&nbsp;\r\n<p>অ্যাডিলেডে ইংল্যান্ডকে হারানোর পর ভারতীয় কিংবদন্তি বলেছেন, \r\n‘কোয়ার্টার ফাইনালে ইংল্যান্ডই ভারতের জন্য সহজ প্রতিপক্ষ হতো।’ ইতিহাস, \r\nঐতিহ্য, ঐশ্বর্য থাকলেও ক্রিকেট-ফুটবলে ইংলিশদের অর্জন সামান্যই। গাভাস্কার\r\n তাই ইংল্যান্ডকে দিলেন একটা মোক্ষম খোঁচা, ‘ক্রিকেট, ফুটবল দুটোতেই \r\nইংল্যান্ড একটা ‘‘ওভাররেটেড’’ দল।’ <br>আগেও গাভাস্কারের প্রশংসা পেয়েছেন \r\nমুশফিকুর রহিম। এ দফাও পেলেন, ‘বাংলাদেশের এ সাফল্যের অন্যতম কারিগর \r\nমুশফিকুর রহিমের ধারাবাহিকতা। অভিষেক থেকে এখন পর্যন্ত তার অবিশ্বাস্য \r\nউন্নতি। মূলত তার সহযোগিতায় মাহমুদউল্লাহর ব্যাট থেকে এসেছে শতক।’ \r\nবাংলাদেশ সমর্থকদের বরাবরই পছন্দ করেন গাভাস্কার। কদিন আগেও \r\nপ্রশংসা-বন্যায় ভাসিয়েছিলেন বাংলাদেশি সমর্থকদের। এবারও তা-ই, ‘বাংলাদেশি\r\n সমর্থকেরা অসাধারণ। উপমহাদেশের সমর্থকদের আলাদা একটা ধরন আছে। তারা খেলায়\r\n উত্তেজনা নিয়ে আসে। বহুদিন ধরে বাংলাদেশি সমর্থকেরা সাফল্যের জন্য \r\nঅপেক্ষা করছে। চূড়ান্তভাবে এখন দলটা এগিয়েছে।’<br> আট বছর আগে, ‘ভারতকে \r\nধরে দিবানি’ মন্ত্রে পোর্ট অব স্পেনে গর্জে উঠেছিলেন মাশরাফি বিন মুর্তজা। \r\nসেদিন ‘নড়াইল এক্সপ্রেসে’র সামনে রীতিমতো টালমাটাল ছিলেন ভারতীয় \r\nব্যাটসম্যানরা। ৯.৩ ওভারে ৩৮ রানে ৪ উইকেট নিয়ে ম্যাচসেরা হয়েছিলেন \r\nমাশরাফি। এ বিশ্বকাপে শেষ আটের যুদ্ধে আবারও বাংলাদেশ-ভারত লড়াই হওয়ার \r\nসমূহ সম্ভাবনা। ২০০৭ বিশ্বকাপের স্মৃতি ফিরিয়ে আনতে পারবে মাশরাফির দল?<br>মানসিকভাবে\r\n দারুণ চাঙা বাংলাদেশ অধিনায়ক অবশ্য এখনই ভারতকে নিয়ে ভাবতে চাইছেন না। \r\nগতকাল ম্যাচের পর স্টার স্পোর্টসকে বললেন, ‘আমি কেবল একটি স্মৃতিই মনে করতে\r\n পারি, ওই ম্যাচে ‘‘ম্যান অব দ্য ম্যাচ’’ হয়েছিলাম। সেটাও অনেক আগের কথা, \r\nপ্রায় আট বছর তো হবেই। মনে হয় না, ওটা এখন তেমন কোনো সাহায্য করবে। তবে \r\nনির্দিষ্ট দিনে যদি আমরা ভালো খেলতে পারি, ভিন্ন কিছুই হবে। তার আগে \r\nনিউজিল্যান্ডের বিপক্ষে আমাদের ম্যাচ রয়েছে। এ ম্যাচে আমাদের ভালো খেলতে \r\nহবে, যেন ভারতের বিপক্ষে দারুণ আত্মবিশ্বাসী হয়ে মাঠে নামতে পারি।’</p>', 'Md. Shafiul Alam Topu', 1, '2015-03-10 09:33:47', 4),
(4, 7, 'শেষ আটের প্রতিপক্ষ কে?', 'নিউজিল্যান্ডের বিপক্ষে হ্যামিল্টনের ম্যাচটার কথা সবাই ভুলে গেল নাকি? আরে\r\n বাংলাদেশের তো এখনো একটি ম্যাচ বাকি আছে! যে দলের বিপক্ষে খেলা বাকি, সেই \r\nদলের বিপক্ষে সাম্প্রতিক অতীতে শ্রেষ্ঠত্ব তো বাংলাদেশেরই! তাহলে সবাই \r\nকীভাবে বলছেন যে কোয়ার্টার ফাইনালে বাংলাদেশ খেলছে ‘এ’ গ্রুপের চতুর্থ দল \r\nহিসেবেই!', 'নিউজিল্যান্ডের বিপক্ষে হ্যামিল্টনের ম্যাচটার কথা সবাই ভুলে গেল নাকি? আরে\r\n বাংলাদেশের তো এখনো একটি ম্যাচ বাকি আছে! যে দলের বিপক্ষে খেলা বাকি, সেই \r\nদলের বিপক্ষে সাম্প্রতিক অতীতে শ্রেষ্ঠত্ব তো বাংলাদেশেরই! তাহলে সবাই \r\nকীভাবে বলছেন যে কোয়ার্টার ফাইনালে বাংলাদেশ খেলছে ‘এ’ গ্রুপের চতুর্থ দল \r\nহিসেবেই!<br>গতকাল ইংল্যান্ডকে হারানোর পর বিশ্বের অনেক গণমাধ্যমই ১৯ মার্চ\r\n মেলবোর্ন ক্রিকেট গ্রাউন্ডে বাংলাদেশ-ভারত কোয়ার্টার ফাইনালের ঘোষণাটা \r\nদিয়ে দিয়েছে। এই ঘোষণাটা ছিল ভারতকে গ্রুপ ‘বি’র চ্যাম্পিয়ন আর \r\nবাংলাদেশকে গ্রুপ ‘এ’র চতুর্থ দল ধরেই। কিন্তু নিজেদের শেষ ম্যাচে ১৩ মার্চ\r\n বাংলাদেশ যদি নিউজিল্যান্ডকে হারিয়ে দেয়, তাহলে কিন্তু হিসাব পুরোপুরিই \r\nপাল্টে যাবে। সে ক্ষেত্রে নিজেদের শেষ ম্যাচে শ্রীলঙ্কা স্কটল্যান্ডকে বড় \r\nব্যবধানে হারালেও ‘এ’ গ্রুপের চতুর্থ দল হিসেবে মেলবোর্নে ভারতের বিপক্ষে \r\nখেলবে তারাই।<br>আপাতত ‘এ’ গ্রুপের তৃতীয় স্থানে আছে বাংলাদেশ ৭ পয়েন্ট \r\nনিয়ে। আফগানিস্তান, স্কটল্যান্ড আর ইংল্যান্ডের বিপক্ষে তিন জয় আর \r\nব্রিসবেনে অস্ট্রেলিয়ার বিপক্ষে বৃষ্টিতে পরিত্যক্ত ম্যাচটির মহামূল্যবান \r\nএকটি পয়েন্ট যুক্ত হয়েই দাঁড়িয়েছে এই হিসাব। এই গ্রুপ থেকে এখন পর্যন্ত\r\n পাঁচটি ম্যাচ জিতে নিজেদের শীর্ষস্থানটা নিশ্চিত করেছে নিউজিল্যান্ড। \r\nইংল্যান্ড, শ্রীলঙ্কা, আফগানিস্তানকে হারিয়ে আর বাংলাদেশের সঙ্গে পয়েন্ট \r\nভাগাভাগি করে অস্ট্রেলিয়ার পয়েন্ট ৭ হলেও রানগড়ে তারা পেছনে ফেলেছে \r\nবাংলাদেশকে। অস্ট্রেলিয়া শেষ ম্যাচে স্কটল্যান্ডকে হারিয়ে দ্বিতীয় \r\nস্থানটা অক্ষুণ্ন রাখবে ধরে নিয়েই বলা যায়, গ্রুপে তৃতীয় হওয়ার জোর \r\nলড়াই এই মুহূর্তে বাংলাদেশ ও শ্রীলঙ্কার মধ্যে। শ্রীলঙ্কা স্কটল্যান্ডকে \r\nহারালে আর বাংলাদেশ নিউজিল্যান্ডের বিপক্ষে হেরে গেলে হিসাবটা সহজই হয়ে \r\nযায়। কিন্তু স্কটল্যান্ডকে হারানোর পরেও লঙ্কানরা যদি দেখে হ্যামিল্টনে \r\n‘অঘটন’ ঘটে গেছে, তাহলে কিন্তু বাংলাদেশই উঠে যাবে তৃতীয় স্থানে।<br>বাংলাদেশ\r\n চতুর্থ হলে কোয়ার্টার ফাইনালে বাংলাদেশের প্রতিপক্ষ নিশ্চিতভাবেই ভারত। \r\nঅন্য গ্রুপে ভারতের শীর্ষস্থানটা একপ্রকার নির্ধারিতই। কিন্তু বাংলাদেশ \r\nতৃতীয় হলে প্রতিপক্ষ কে হবে? ‘এ’ গ্রুপের তুলনায় ‘বি’ গ্রুপ সহজ হলেও এই \r\nমুহূর্তে ওতে ‘স্থান নির্ধারণী অঙ্ক’টা একটু কঠিনই মনে হচ্ছে।<br>‘বি’ \r\nগ্রুপ থেকে বাদ পড়ে গেছে জিম্বাবুয়ে ও আরব আমিরাত। ভারত নিশ্চিতভাবেই \r\nপাচ্ছে শীর্ষস্থান। ওয়েস্ট ইন্ডিজ ও আয়ারল্যান্ডের মধ্যে হচ্ছে \r\nকোয়ার্টার ফাইনালে যাওয়ার জোর প্রতিদ্বন্দ্বিতা। ক্যারিবীয়রা জয়ের \r\nসংখ্যায় আইরিশদের চেয়ে পিছিয়ে থাকলেও ভারত ও পাকিস্তানের বিপক্ষে দুটো \r\nম্যাচে আয়ারল্যান্ডের হার নিশ্চিত করে দিতে পারে ক্যারিবীয়দের কোয়ার্টার\r\n ফাইনাল। তাদের শেষ খেলা যে আরব আমিরাতের বিপক্ষে! আয়ারল্যান্ড কোয়ার্টার\r\n ফাইনালে যেতে চাইলে তাদের ভারত ও পাকিস্তানের যেকোনো একটি দলের বিপক্ষে \r\nজিততে হবে। দুটো ম্যাচেই হেরে গেলে বাক্স-প্যাটরা গোছাতে হবে \r\nআয়ারল্যান্ডকে। সে ক্ষেত্রে ওই গ্রুপে চতুর্থ হবে ওয়েস্ট ইন্ডিজ। \r\nসমস্যাটা ওই গ্রুপের দ্বিতীয় ও তৃতীয় স্পটটি নিয়ে।<br>পাকিস্তানের শেষ \r\nম্যাচ আয়ারল্যান্ডের বিপক্ষে। দক্ষিণ আফ্রিকার শেষ ম্যাচ আরব আমিরাতের \r\nবিপক্ষে। রানরেটে এগিয়ে থাকায় দ্বিতীয় স্থানের জন্য সুবিধাজনক জায়গায় \r\nআছে দক্ষিণ আফ্রিকাই। আয়ারল্যান্ডের বিপক্ষে পাকিস্তান জিতলেও এই দক্ষিণ \r\nআফ্রিকাকে তারা এই অবস্থান থেকে সরাতে পারবে না বলেই ধরে নেওয়া যায়। কারণ\r\n ওই রানরেটের হিসাব। সে ক্ষেত্রে দক্ষিণ আফ্রিকার দ্বিতীয় ও পাকিস্তানের \r\nতৃতীয় হয়ে কোয়ার্টার ফাইনালে যাওয়ার সম্ভাবনাই বেশি।<br>বাংলাদেশ শেষ \r\nম্যাচে নিউজিল্যান্ডকে হারালে ‘এ’ গ্রুপের তৃতীয় দল হিসেবে কোয়ার্টার \r\nফাইনালে মুখোমুখি হবে দক্ষিণ আফ্রিকার সঙ্গেই। নিউজিল্যান্ডের সঙ্গে \r\nবাংলাদেশের ম্যাচটি বৃষ্টির কারণে পরিত্যক্ত হলে তৃতীয় ও চতুর্থ স্থান \r\nনির্ধারণে বাংলাদেশ ও শ্রীলঙ্কার মধ্যে চলে আসবে রানরেটের হিসাব। এ \r\nক্ষেত্রে শ্রীলঙ্কা স্কটল্যান্ডকে শেষ ম্যাচে হারাচ্ছে—এটা ধরে নেওয়াই \r\nহচ্ছে।<br>জটিল হিসাব-নিকেশ আপাতত থাক। কোয়ার্টার ফাইনালে স্থান নিশ্চিত \r\nহওয়ার আনন্দটাই তাড়িয়ে উপভোগ করা যাক। প্রতিদ্বন্দ্বী যে-ই হোক। চিন্তা \r\nনেই। মাশরাফি-সাকিবদের আত্মবিশ্বাস যে এই মুহূর্তে আকাশছোঁয়াই!', 'Md. Shafiul Alam Topu', 1, '2015-03-10 09:43:13', 5);
INSERT INTO `tbl_blog` (`blog_id`, `category_id`, `blog_title`, `blog_short_description`, `blog_long_description`, `blog_author_name`, `publication_status`, `created_date_time`, `hit_count`) VALUES
(5, 2, 'পুলিশের আবদার!', '৫\r\n মার্চ প্রথম আলোয় প্রকাশিত প্রতিবেদন অনুযায়ী, নির্যাতন ও হেফাজতে মৃত্যু\r\n (নিবারণ) আইন সংশোধনের প্রস্তাব দিয়েছে পুলিশ। স্বরাষ্ট্র মন্ত্রণালয়ে \r\nপাঠানো প্রস্তাবটিতে আইনের অধিকাংশ ধারার পরিবর্তন ও বাতিলের সুপারিশ করা \r\nহয়েছে। পুলিশ বিভাগের দাবি, নির্যাতন ও হেফাজতে মৃত্যু (নিবারণ) আইনের ফলে \r\nআইনশৃঙ্খলা রক্ষাকারী বাহিনীসহ আইন প্রয়োগকারী সংস্থার বিরুদ্ধে মিথ্যা \r\nমামলার অবারিত সুযোগ সৃষ্টি হয়েছে। আইনশৃঙ্খলা রক্ষাকারী বাহিনী এবং আইন \r\nপ্রয়োগকারী বিভিন্ন বেসামরিক সংস্থার ওপর অর্পিত দায়িত্ব পালন এর ফলে \r\nবাধাগ্রস্ত হবে।', '৫\r\n মার্চ প্রথম আলোয় প্রকাশিত প্রতিবেদন অনুযায়ী, নির্যাতন ও হেফাজতে মৃত্যু\r\n (নিবারণ) আইন সংশোধনের প্রস্তাব দিয়েছে পুলিশ। স্বরাষ্ট্র মন্ত্রণালয়ে \r\nপাঠানো প্রস্তাবটিতে আইনের অধিকাংশ ধারার পরিবর্তন ও বাতিলের সুপারিশ করা \r\nহয়েছে। পুলিশ বিভাগের দাবি, নির্যাতন ও হেফাজতে মৃত্যু (নিবারণ) আইনের ফলে \r\nআইনশৃঙ্খলা রক্ষাকারী বাহিনীসহ আইন প্রয়োগকারী সংস্থার বিরুদ্ধে মিথ্যা \r\nমামলার অবারিত সুযোগ সৃষ্টি হয়েছে। আইনশৃঙ্খলা রক্ষাকারী বাহিনী এবং আইন \r\nপ্রয়োগকারী বিভিন্ন বেসামরিক সংস্থার ওপর অর্পিত দায়িত্ব পালন এর ফলে \r\nবাধাগ্রস্ত হবে। এ আইনের কারণে অভ্যন্তরীণ রাজনৈতিক অস্থিতিশীলতা, হরতাল, \r\nঅবরোধ, বিক্ষোভ, অগ্নিসংযোগ ইত্যাদি ধ্বংসাত্মক কার্যক্রম থেকে \r\nজনসাধারণের জানমাল রক্ষায় আইনশৃঙ্খলা রক্ষাকারী বাহিনীর কার্যকর পদক্ষেপ \r\nনেওয়ার ক্ষেত্রে বাধার সম্মুখীন হওয়ার আশঙ্কা রয়েছে। ফলে রাষ্ট্রীয় শৃঙ্খলা\r\n ও স্থিতিশীলতা হুমকির মুখে পড়ার আশঙ্কা থেকে যায়।<br>পুলিশ বিভাগের এই \r\nদাবি মোটেই ঠিক নয়। বরং আইনটি বহাল থাকা সত্ত্বেও আইনশৃঙ্খলা রক্ষাকারী \r\nবাহিনীগুলো বিরোধী দলের নেতা-কর্মী, সমর্থক ও সাধারণ নাগরিকদের বিরুদ্ধে \r\n‘অবারিত’ মামলা করে যাচ্ছে এবং অনেককে দফায় দফায় রিমান্ডেও নিচ্ছে। এ কথাও \r\nসত্য নয় যে, এই আইনের কারণে আইনশৃঙ্খলা রক্ষাকারী বাহিনীর সদস্যরা জনগণের \r\nজানমালের হেফাজত দিতে বাধাগ্রস্ত হচ্ছেন। বরং রাজনৈতিক উদ্দেশ্যে সারা দেশে\r\n বিরোধী দলের নেতা–কর্মীদের বিরুদ্ধে বেশুমার মামলা দায়ের ও গ্রেপ্তারের \r\nকারণেই পরিস্থিতির অবনতি ঘটছে। আইনশৃঙ্খলা রক্ষাকারী বাহিনীগুলোর প্রতি \r\nমানুষ আস্থা হারাচ্ছে। অনেক সময় দেখা যায়, সরকার কাউকে ধরে আনতে বললে তারা \r\nবেঁধে আনে। বিএনপি-জামায়াতের আমলে কানসাট কিংবা শনির আখড়ার কথা আমরা ভুলে \r\nযাইনি। কিংবা সেনাসমর্থিত তত্ত্বাবধায়ক সরকারের আমলে ঢাকা বিশ্বদ্যিালয়ের \r\nঘটনাও।<br>আওয়ামী লীগের ২০০৮ সালের নির্বাচনী ইশতেহারে ‘জনজীবনে নিরাপত্তা \r\nবিধানে পুলিশ ও আইনশৃঙ্খলা রক্ষাকারী বাহিনীসমূহকে রাজনীতির প্রভাবমুক্ত, \r\nআধুনিক ও যুগোপযোগী করে গড়ে তোলার’ অঙ্গীকার করা হয়েছিল। জনগণ আশা \r\nকরেছিল, ক্ষমতায় এসে আওয়ামী লীগ বিএনপি-জামায়াতের পুরোনো পথে হাঁটবে না \r\nএবং আইনশৃঙ্খলা রক্ষাকারী বাহিনীকে যুগোপযোগী করতে কার্যকর পদক্ষেপ নেবে।\r\n তারা এমন একটি আইন করবে, যাতে নিরাপত্তা হেফাজতে কেউ নির্যাতন ও হয়রানির \r\nশিকার না হন। কিন্তু সেটি যখন হয়নি, তখন সাংসদ সাবের হোসেন চৌধুরী \r\n(বর্তমানে আন্তর্জাতিক সংসদ ইউনিয়নের সভাপতি) নবম জাতীয় সংসদে একটি \r\nবেসরকারি বিল আনেন, যার লক্ষ্য ছিল নির্যাতন এবং অন্যান্য নিষ্ঠুর, অমানবিক\r\n অথবা অমর্যাদাকর আচরণ অথবা শাস্তির বিরুদ্ধে জাতিসংঘ সনদের কার্যকারিতা \r\nদেওয়া। ২০১৩ সালে আওয়ামী লীগ সরকারের আমলেই বিলটি পাস হয়। এই বিলের \r\nপ্রেক্ষাপটটিও কম গুরুত্বপূর্ণ নয়।<br>বিএনপি-জামায়াত সরকারের আমলে \r\nআইনশৃঙ্খলা রক্ষাকারী বাহিনী সাবের হোসেন চৌধুরীর বিরুদ্ধে প্লেট-গ্লাস \r\nচুরির মামলা দিয়ে গ্রেপ্তার করে এবং তাঁকে রিমান্ডে নেয়। সে সময় রাজনৈতিক \r\nউদ্দেশ্যে বিরোধী দলের বহু নেতা-কর্মীকে জিজ্ঞাসাবাদের নামে রিমান্ডে নিয়ে\r\n নির্যাতন চালানো হয়েছিল। এমনকি ভিন্নমতের লেখক-বুদ্ধিজীবীরাও সরকারের \r\nজিঘাংসার শিকার হয়েছিলেন। ময়মনসিংহের সিনেমা হলে বোমা হামলা করেছিল \r\nজঙ্গিবাদীরা। আর এই ঘটনার দায়ে সরকার গ্রেপ্তার করে ও রিমান্ডে নেয় ঢাকা \r\nবিশ্ববিদ্যালয়ের অধ্যাপক মুনতাসীর মামুন ও লেখক শাহরিয়ার কবিরকে। <br>আবার \r\nসেনাসমর্থিত তত্ত্বাবধায়ক সরকারের আমলে আওয়ামী লীগ ও বিএনপির অনেক \r\nকেন্দ্রীয় নেতা একইভাবে গ্রেপ্তার ও রিমান্ডের শিকার হয়েছিলেন (বর্তমান \r\nসরকারের আমলে সেই অপসংস্কৃতি রহিত হয়েছে ভাবার কারণ নেই)। <br>বিল পেশের \r\nসময় এর উদ্দেশ্য ও কারণ ব্যাখ্যাসংবলিত বিবৃতিতে বলা হয়েছিল, ‘ন্যায়বিচার \r\nপাওয়ার অধিকার মানুষের মৌলিক মানবাধিকার। বাংলাদেশের সংবিধান অনুযায়ী, \r\nন্যায়বিচার প্রতিষ্ঠা করা রাষ্ট্রের অন্যতম দায়িত্ব এবং সংবিধানের সকল \r\nনাগরিকের এই অধিকার সংরক্ষিত আছে।…কিন্তু রাষ্ট্রের বিভিন্ন দপ্তর, বিশেষ \r\nকরে আইনশৃঙ্খলা রক্ষাকারী বাহিনী, যারা আইনব্যবস্থার সঙ্গে সংশ্লিষ্ট, তারা\r\n অধিকাংশ ক্ষেত্রে জনগণের মৌলিক অধিকারের কথা ভুলে যায়, ফলে ন্যায়বিচার \r\nনিশ্চিত করা অনেক ক্ষেত্রে সম্ভব হয় না। জনগণকে বিভিন্ন অজুহাতে সরকারের \r\nপ্রশাসনযন্ত্রের মাধ্যমে এবং পুলিশ বাহিনীর মাধ্যমে নির্যাতন করা হয়। \r\nবিভিন্ন সময়ে আইনের হেফাজতে রেখে নিষ্ঠুর ও অমানবিক নির্যাতন করা হয়। এমনকি\r\n নিরাপত্তা হেফাজতে মৃত্যুর ঘটনাও ঘটেছে অহরহই। <br>সাধারণ মানুষের \r\nসাংবিধানিক অধিকার নিশ্চিত করতে, আইনের শাসন সুরক্ষিত ও জবাবদিহি নিশ্চিত \r\nকরতে, সাধারণ মানুষকে সরকারি প্রশাসনযন্ত্র ও পুলিশের বেআইনি আচরণ, \r\nঅত্যাচার-নির্যাতন থেকে রক্ষাকল্পে ও সাধারণ মানুষের ন্যায়বিচারের সুবিধা \r\nনিশ্চিত করতে আইনের শাসন প্রতিষ্ঠা ও মানবাধিকার প্রতিষ্ঠাকল্পে এ বিলে \r\nপ্রস্তাব করা হয়েছে।’<br>বর্তমান পুলিশপ্রধান অভিযোগ করেছেন, বিলটি নিয়ে \r\nসংসদে যেভাবে আলোচনা হওয়া দরকার, সেভাবে হয়নি। সংসদীয় কমিটিতে যায়নি। \r\nসংসদীয় কমিটিতে না পাঠিয়ে কোনো বিল সংসদে পাস করার নজির নেই। এসব উদ্ভট \r\nকথাবার্তার মানে কী? প্রকৃত ঘটনা হলো বিলটি নিয়ে সংসদীয় কমিটিতে সাত দফা \r\nআলোচনা হয়েছে। সেই কমিটির সভাপতি ছিলেন সাবেক মন্ত্রী আবদুল মতিন খসরু এবং\r\n সদস্য আ স ম ফিরোজ, নূরুল মজিদ মাহমুদ হুমায়ুন, হাফিজ আহমেদ মজুমদার, \r\nজুনাইদ আহ্মেদ পলক, মুহিবুর রহমান মানিক, আবদুল হাই ও সৈয়দা আশরাফী পাপিয়া।\r\n কমিটি অ্যাটর্নি জেনারেল মাহবুবে আলম, আমীর-উল ইসলাম, আবদুল বাসেত \r\nমজুমদার, সুলতানা কামাল, আদিলুর রহমান প্রমুখের মতামত নিয়েছে। এরপর সেটি \r\nভেটিং বা ছাড়পত্রের জন্য আইন মন্ত্রণালয়ে পাঠানো হয়। আইন মন্ত্রণালয়ের \r\nছাড়পত্র ছাড়া সরকারি–বেসরকারি কোনো বিল সংসদে অনুমোদিত হতে পারে না।<br>এখানে\r\n উল্লেখ করা প্রয়োজন যে জাতিসংঘের সাধারণ পরিষদ ১৯৮৪ সালের ১০ ডিসেম্বর \r\nএকটি নির্যাতনবিরোধী সনদ গ্রহণ করে। যার শিরোনাম ছিল নির্যাতন ও অন্যান্য\r\n নিষ্ঠুর, অমানবিক অথবা অমর্যাদাকর আচরণ অথবা শাস্তির বিরুদ্ধে জাতিসংঘের \r\nসনদ (ইউনাইটেড নেশনস কনভেনশন অ্যাগেইনস্ট টর্চার অ্যান্ড আদার ক্রুয়েল ইন \r\nহিউম্যান অব ডিগ্রেডিং ট্রিটমেন্ট অর পানিশমেন্ট)। বাংলাদেশ এই সনদের \r\nস্বাক্ষরকারী দেশ হিসেবে নির্যাতনবিরোধী ওই আইন প্রণয়ন করতে বাধ্য। <br>এখন\r\n দেখা যাক আইনে কী আছে এবং পুলিশ বিভাগ কী কী সংশোধনী চাইছে। আইনে হেফাজতে\r\n মৃত্যু বলতে সরকারি কোনো কর্মকর্তার হেফাজতে কোনো ব্যক্তির মৃত্যু, \r\nঅবৈধ আটকাদেশ, আইন প্রয়োগকারী সংস্থার গ্রেপ্তারের সময়ে কোনো ব্যক্তির \r\nমৃত্যু বোঝানো হয়েছে। কিন্তু প্রস্তাবিত সংশোধনীতে কেবল সরকারি \r\nকর্মকর্তার হেফাজতে মৃত্যু অথবা গ্রেপ্তারের সময় ফৌজদারি কার্যবিধি এবং \r\nঅন্য কোনো প্রচলিত আইনের বিধানের অধীনে কৃতকাজ ব্যতিরেকে মৃত্যু বোঝানো\r\n হয়েছে। ক্ষতিগ্রস্ত অথবা সংক্ষুব্ধ ব্যক্তি বলতে এ আইনের অধীনে বা তার \r\nসঙ্গে সংশ্লিষ্ট কারও ওপর নির্যাতন করা হয়েছে, তাকে বোঝাবে। আইনে থাকা \r\n‘উদ্বিগ্ন কারও ওপর নির্যাতন করা হয়েছে’ অংশটি সংশোধনীতে বাদ দেওয়া হয়েছে।\r\n আইনে নির্যাতন বলতে শারীরিক ও মানসিক দুটোই বোঝানো হয়েছে। কিন্তু \r\nসংশোধনীতে মানসিক নির্যাতন বাদ দেওয়া হয়েছে।<br> পুলিশের প্রস্তাবে বলা \r\nহয়েছে, আইনটি ফৌজদারি কার্যবিধি ১৮৯৮-এর বিধানের সঙ্গে সামঞ্জস্যপূর্ণ নয়।\r\n অথচ এই কার্যবিধি প্রণয়নের পর বিভিন্ন দেশে এবং আন্তর্জাতিক পর্যায়ে \r\nমানুষের মৌলিক অধিকার সংরক্ষণে বহু আইন হয়েছে। কিন্তু স্বাধীন বাংলাদেশের \r\nপুলিশ সেই ব্রিটিশ ঔপনিবেশিক আমলের ফৌজদারি কার্যবিধির দোহাই দিচ্ছে।<br>আইনে\r\n বলা হয়েছে, আদালতের সামনে কোনো ব্যক্তি যদি অভিযোগ করেন যে তাঁকে \r\nনির্যাতন করা হয়েছে, তাহলে আদালত ব্যক্তির বিবৃতি লিপিবদ্ধ করে সেই \r\nব্যক্তিকে হাসপাতালে ভর্তির নির্দেশ দিতে পারবেন। পুলিশের সংশোধনীতে থানা \r\nবা ম্যাজিস্ট্রেট শব্দটি জুড়ে দেওয়া হয়েছে। ম্যাজিস্ট্রেটের বিষয়টি না হয় \r\nমানা গেল। কিন্তু থানায় পুলিশের বিরুদ্ধে অভিযোগ করলে যে তার প্রতিকার \r\nমিলবে তার ভরসা কী? <br>এই আইনের অধীনে সব অপরাধ অ–আপসযোগ্য ও অজামিনযোগ্য বলা হয়েছে। কিন্তু পুলিশের প্রস্তাবে অপরাধ জামিনযোগ্য বলে উল্লেখ করা হয়েছে।<br>আইনের\r\n ১১(৪) ধারায় আছে, কোনো মামলা নিষ্পত্তিকালে আদালত প্রয়োজনে ওই ব্যক্তির\r\n বিরুদ্ধে অন্যূন সাত দিনের অন্তরীণ আদেশ দিতে পারবেন। পুলিশ এটির বিলুপ্তি\r\n চেয়েছে। আইনে আছে, কোনো ব্যক্তি দোষী সাব্যস্ত হলে অন্যূন পাঁচ বছর \r\nসশ্রম জেল বা ৫০ হাজার টাকা জরিমানা অথবা উভয় দণ্ডের কথা আছে। কিন্তু \r\nসংশোধনীতে সর্বোচ্চ পঁাচ বছর ও সর্বনিম্ন দুই বছর জেল ও ৫০ হাজার টাকা \r\nজরিমানা বা উভয় দণ্ডের কথা বলা হয়েছে। অর্থাৎ তারা দণ্ড লঘু করতে তৎপর।<br>সবচেয়ে\r\n বিপজ্জনক হলো আইনে যেখানে আইন প্রয়োগকারী সংস্থা বলতে পুলিশ, র্যাব, \r\nবিজিবি, কাস্টম, ইমিগ্রেশন, অপরাধ তদন্ত বিভাগ, বিশেষ শাখা, গোয়েন্দা শাখা\r\n ইত্যাদির কথা বলা আছে; সেখানে সংশোধনীতে এলিট ফোর্স হিসেবে পরিচিত \r\nর্যাব, অপরাধ তদন্ত বিভাগ, বিশেষ শাখা ও গোয়েন্দা শাখার নাম বাদ দেওয়া \r\nহয়েছে। একই যাত্রায় দুই ফল হতে পারে না।<br>আরেকটি উদ্বেগজনক প্রস্তাব হলো\r\n পুলিশের বিরুদ্ধে মামলা মিথ্যা প্রমাণিত হলে সেই মামলার শাস্তির অর্ধেক \r\nবাদীকে ভোগ করতে হবে। এটি ফরিয়াদির প্রতিকার চাওয়ার পথ অনেকটাই রুদ্ধ \r\nকরবে। অন্যদিকে এই প্রস্তাবটি যদি খোদ পুলিশ বিভাগের ক্ষেত্রে প্রযোজ্য \r\nহয়, তাহলে কতজন পুলিশ সদস্য জেলখানার বাইরে এবং কতজন ভেতরে থাকবেন, সেটি \r\nবলা কঠিন। <br>পুলিশের এসব প্রস্তাব কি ভীতি বা আতঙ্কেরই বহিঃপ্রকাশ নয়? \r\nআসামি ধরার সময় এবং ধরার পর যে তাদের ওপর অমানুষিক নির্যাতন চলে, সে বিষয়ে \r\nসন্দেহের অবকাশ নেই। আর যদি সেটাই না হবে, তাহলে পুলিশের বাড়তি আইনি \r\nসুরক্ষার প্রয়োজন পড়ল কেন? কোনো সভ্য দেশই এই অদ্ভুত আবদার মেনে নিতে \r\nপারে না। ', 'Md. Shafiul Alam Topu', 1, '2015-03-12 10:28:57', 1);

-- --------------------------------------------------------

--
-- Table structure for table `tbl_category`
--

CREATE TABLE IF NOT EXISTS `tbl_category` (
  `category_id` int(2) NOT NULL AUTO_INCREMENT,
  `category_name` varchar(100) NOT NULL,
  `category_description` text NOT NULL,
  `publication_status` tinyint(1) NOT NULL,
  PRIMARY KEY (`category_id`)
) ENGINE=MyISAM  DEFAULT CHARSET=utf8 AUTO_INCREMENT=8 ;

--
-- Dumping data for table `tbl_category`
--

INSERT INTO `tbl_category` (`category_id`, `category_name`, `category_description`, `publication_status`) VALUES
(1, 'বিজ্ঞান ও প্রযুক্তি', 'বিজ্ঞান ও প্রযুক্তি', 1),
(2, 'Bangladesh', 'Bangladesh..........', 1),
(3, 'Battery', 'Battery Battery Battery<br>', 0),
(5, 'Computer', 'Computer...........', 1),
(7, 'Cricket খেলা', 'Cricket খেলা Cricket খেলা Cricket খেলা...........<br>', 1);

-- --------------------------------------------------------

--
-- Table structure for table `tbl_comments`
--

CREATE TABLE IF NOT EXISTS `tbl_comments` (
  `comments_id` int(7) NOT NULL AUTO_INCREMENT,
  `blog_id` int(5) NOT NULL,
  `user_id` int(5) NOT NULL,
  `comments` text NOT NULL,
  `publication_status` tinyint(1) NOT NULL DEFAULT '0',
  `created_date_time` timestamp NOT NULL DEFAULT CURRENT_TIMESTAMP,
  PRIMARY KEY (`comments_id`)
) ENGINE=MyISAM  DEFAULT CHARSET=utf8 AUTO_INCREMENT=4 ;

--
-- Dumping data for table `tbl_comments`
--

INSERT INTO `tbl_comments` (`comments_id`, `blog_id`, `user_id`, `comments`, `publication_status`, `created_date_time`) VALUES
(1, 3, 1, 'অ্যাডিলেডে ইংল্যান্ডকে হারানোর পর ভারতীয় কিংবদন্তি বলেছেন, ‘কোয়ার্টার ফাইনালে ইংল্যান্ডই ভারতের জন্য সহজ প্রতিপক্ষ হতো।’ ইতিহাস, ঐতিহ্য, ঐশ্বর্য থাকলেও ক্রিকেট-ফুটবলে ইংলিশদের অর্জন সামান্যই। গাভাস্কার তাই ইংল্যান্ডকে দিলেন একটা মোক্ষম খোঁচা, ‘ক্রিকেট, ফুটবল দুটোতেই ইংল্যান্ড একটা ‘‘ওভাররেটেড’’ দল।’ ', 0, '2015-03-16 06:10:21'),
(2, 1, 1, 'ইউপিএস: স্পার্ক পাওয়ার ৬৫০ভিএ ২,৮০০; অ্যাপোলো ৬৫০ভিএ ২৮৫০ ও ১২০০ভিএ ৫,০০০ টাকা। ', 1, '2015-03-16 08:56:39'),
(3, 1, 2, 'দীর্ঘদিন ধরে অবরোধ-হরতালের কারণে প্রযুক্তি বাজারের স্বাভাবিক বেচাকেনা নেই বললেই চলে। বিক্রেতারা জানান, শুক্র ও শনিবার ক্রেতাদের উপস্থিতি থাকলেও হরতাল থাকলে ক্রেতারা তেমন বাজারমুখী হন না। গতকাল সোমবার একাধিক বাজার ঘুরে পাওয়া যন্ত্রাংশের দাম নিচে দেওয়া হলো।', 1, '2015-03-16 09:08:53');

-- --------------------------------------------------------

--
-- Table structure for table `tbl_user`
--

CREATE TABLE IF NOT EXISTS `tbl_user` (
  `user_id` int(5) NOT NULL AUTO_INCREMENT,
  `user_name` varchar(50) NOT NULL,
  `email_address` varchar(100) NOT NULL,
  `password` varchar(32) NOT NULL,
  `age` int(3) NOT NULL,
  PRIMARY KEY (`user_id`)
) ENGINE=InnoDB  DEFAULT CHARSET=utf8 AUTO_INCREMENT=3 ;

--
-- Dumping data for table `tbl_user`
--

INSERT INTO `tbl_user` (`user_id`, `user_name`, `email_address`, `password`, `age`) VALUES
(1, 'Shafana Alam', 'shafana.alam@gmail.com', '96e79218965eb72c92a549dd5a330112', 1),
(2, 'Saahil Alam', 'saahil.alam@gmail.com', '96e79218965eb72c92a549dd5a330112', 6);

/*!40101 SET CHARACTER_SET_CLIENT=@OLD_CHARACTER_SET_CLIENT */;
/*!40101 SET CHARACTER_SET_RESULTS=@OLD_CHARACTER_SET_RESULTS */;
/*!40101 SET COLLATION_CONNECTION=@OLD_COLLATION_CONNECTION */;
